{"cameraMode":{"drawMode":0,"name":"Shaded","section":"Shading Mode"},"sceneLighting":true,"audioPlay":false,"sceneViewState":{"showFog":true,"showMaterialUpdate":false,"showSkybox":true,"showFlares":true,"showImageEffects":true,"showParticleSystems":true},"in2DMode":false,"pivot":{"x":1934.5816650390625,"y":3.2074079513549806,"z":1609.9251708984375},"rotation":{"x":0.2664356231689453,"y":0.4232897460460663,"z":-0.13180041313171388,"w":0.8558614253997803},"size":7.697686195373535,"orthographic":false}